"pk (S)","EndTime (S)","MessageCount (N)","MessagesSent (N)","MessagesToSend (N)","StartTime (S)","TestId (S)","ConcurrentExecutions (N)","Duration (N)","ElapsedTime (N)","Invocations (N)","SecondsPerMessage (N)","IsFifo (BOOL)"
"SqsProcessor|00b74ccd-cbe1-44e3-97ac-5de669d287d7","2020-12-18T21:49:17.4922670+00:00","1000","1000","1000","2020-12-18T21:49:08.7920100+00:00","00b74ccd-cbe1-44e3-97ac-5de669d287d7","7","165.95308943089435","8700.257","123","0.008700257000000001",
"SnsProcessor|00b74ccd-cbe1-44e3-97ac-5de669d287d7","2020-12-18T21:49:17.5115351+00:00","1000","1000","1000","2020-12-18T21:49:08.7920100+00:00","00b74ccd-cbe1-44e3-97ac-5de669d287d7","212","349.47461988820015","8719.5251","1000","0.0087195251",
"SqsProcessor|76e25a8e-e488-4090-9925-3689de5cb74f","2020-12-18T21:52:18.7001077+00:00","1000","1000","1000","2020-12-18T21:52:07.6120070+00:00","76e25a8e-e488-4090-9925-3689de5cb74f","1","43.588910891089114","11088.1007","101","0.0110881007","true"
"SqsProcessor|ad1425b1-c27b-4bd0-8710-ed5a4e0bc208","2020-12-18T21:55:29.7381508+00:00","1000","1000","1000","2020-12-18T21:55:20.9276700+00:00","ad1425b1-c27b-4bd0-8710-ed5a4e0bc208","5","31.87833992094862","8810.4808","253","0.008810480800000001",
"SnsProcessor|ad1425b1-c27b-4bd0-8710-ed5a4e0bc208","2020-12-18T21:55:29.9131130+00:00","1000","1000","1000","2020-12-18T21:55:20.9276700+00:00","ad1425b1-c27b-4bd0-8710-ed5a4e0bc208","23","25.387889998400013","8985.443","1000","0.008985443",
"SnsProcessor|3f757cfe-a79a-4de8-a254-0796a0756d6a","2020-12-18T21:57:52.7164245+00:00","992","1000","1000","2020-12-18T21:57:44.0838860+00:00","3f757cfe-a79a-4de8-a254-0796a0756d6a",,,,,,
"SqsProcessor|3f757cfe-a79a-4de8-a254-0796a0756d6a","2020-12-18T21:57:52.7676133+00:00","1000","1000","1000","2020-12-18T21:57:44.0838860+00:00","3f757cfe-a79a-4de8-a254-0796a0756d6a","5","14.598672838580255","8683.7273","324","0.0086837273",
"SqsProcessor|bd477b71-efbc-47d1-8981-0c9cf407786d","2020-12-18T22:01:46.8581381+00:00","1000","1000","1000","2020-12-18T22:01:38.0297280+00:00","bd477b71-efbc-47d1-8981-0c9cf407786d","1","25.252427184466015","8828.4101","103","0.0088284101","true"
"SqsProcessor|8eb91b53-5b4f-4ea5-a28a-75b5e63f81fb","2020-12-18T22:04:26.4294479+00:00","1000","1000","1000","2020-12-18T22:04:15.9594840+00:00","8eb91b53-5b4f-4ea5-a28a-75b5e63f81fb","1","36.92326732673268","10469.9639","101","0.0104699639","true"
